{
  "project_info": {
    "project_number": "475057668457",
    "project_id": "my-application-21c61",
    "storage_bucket": "my-application-21c61.appspot.com"
  },
  "client": [
    {
      "client_info": {
        "mobilesdk_app_id": "1:475057668457:android:2ae3cd6a8e12e0fc6b3df8",
        "android_client_info": {
          "package_name": "com.example.myapplication"
        }
      },
      "oauth_client": [],
      "api_key": [
        {
          "current_key": "AIzaSyCpFG7V_BeMWaGMYMkPGGnUaVdBkTNX29g"
        }
      ],
      "services": {
        "appinvite_service": {
          "other_platform_oauth_client": []
        }
      }
    }
  ],
  "configuration_version": "1"
}